model,display_name,paper_ref,verdict,R_A,R_B,R_shared,phi_A,phi_B,phi_shared,Lambda,p_boot,chi2_A,chi2_B,health_A,health_B,phase_ident,r_stable,in_both_95,notes
babar_phi_f0_vs_phi_pipi,BaBar phi-f0(980) vs phi-pi+pi-,"BaBar PRD 86, 012008 (2012)",DISFAVORED,0.6232575953107911,0.8264633591192119,0.26950775307143177,107.97288978206058,11.716238244665622,-108.83151630153255,342.139698270595,0.0,1.1413601393415096,2.815885552500829,PASS,PASS,False,True,False,"Magnitude-only: p=0.0000 < 0.05, shared outside 95%"
babar_kstar_k_isospin,BaBar K*(892)K I=0 vs I=1,"BaBar PRD 77, 092002 (2008)",MODEL MISMATCH,0.4004009481767197,0.826212872523582,0.506042990565798,74.47739086104622,70.22504419146608,72.12807024330523,0.07089889819231887,,0.010358479044889986,0.014611237717513341,UNDERCONSTRAINED,UNDERCONSTRAINED,False,False,True,"Fit health gates failed: A=UNDERCONSTRAINED, B=UNDERCONSTRAINED"
babar_omega_1420_1650,BaBar omega(1420)/omega(1650),"BaBar PRD 76, 092005 (2007)",MODEL MISMATCH,1.3438326946446402,0.08191962168970872,0.6679831574159075,-99.72884737905025,-122.83151841126666,-101.16329878246667,152.32543914928974,,0.0067052873650276755,3.949272539191773e-06,UNDERCONSTRAINED,UNDERCONSTRAINED,False,False,False,"Fit health gates failed: A=UNDERCONSTRAINED, B=UNDERCONSTRAINED"
babar_phi_eta_vs_kketa,BaBar phi-eta vs K+K-eta,"BaBar PRD 77, 092002 (2008)",MODEL MISMATCH,0.045111360690833546,0.06555642732354246,0.04839008411298318,42.68589481156143,21.89132744188226,35.556219356273424,0.037111555054236134,,0.017519963603685088,0.02294803805353423,UNDERCONSTRAINED,UNDERCONSTRAINED,False,False,True,"Fit health gates failed: A=UNDERCONSTRAINED, B=UNDERCONSTRAINED"
