{
  "channel_A": {
    "n_near_optimal": 90,
    "r_range": [
      0.28034983418606263,
      1.8061997250050894
    ],
    "phi_std_deg": 144.41916828525353,
    "nll_range": [
      19.40312236880969,
      5175877822.071887
    ],
    "nll_std": 860875827.8923345
  },
  "channel_B": {
    "n_near_optimal": 69,
    "r_range": [
      0.4047901900096566,
      0.8276581090877713
    ],
    "phi_std_deg": 32.791634272193356,
    "nll_range": [
      25.342969972508055,
      1399036316.2539346
    ],
    "nll_std": 151505949.14784333
  }
}