{
  "mode": "legacy",
  "use_quadrature": false,
  "channel_A": {
    "r": 0.4010220877706746,
    "phi_deg": -82.67144869334315,
    "nll": -1484.7460942579273,
    "chi2_dof": 1.3934138728835697,
    "deviance_dof": 1.3433982511898406,
    "gate_pass": 1
  },
  "channel_B": {
    "r": 0.3027414010878903,
    "phi_deg": -96.78387957171022,
    "nll": -2501.556213401561,
    "chi2_dof": 9.742480792823857,
    "deviance_dof": 8.958669115830434,
    "gate_pass": 0
  },
  "shared": {
    "r": 0.3260920680134325,
    "phi_deg": -95.13869347288967
  },
  "Lambda": 1.5370478848117273,
  "nll_unconstrained": -3986.302307659488,
  "nll_constrained": -3985.5337837170823,
  "gates_pass": 0,
  "optimizer_stable": 1,
  "bootstrap": null,
  "joint_params": [
    0.3260920680134325,
    -1.6604834471475634,
    57.174887920857294,
    99.99835135721813,
    -0.23670877836632856,
    99.99591994241214,
    49.998114804150354,
    -29.77439973610858,
    1.03,
    0.0242500807120752,
    1.0225206971544083,
    96.65405218526952,
    100.0,
    0.08959110159676788,
    100.0,
    50.0,
    12.121141232665373,
    1.03,
    0.04729806975044136,
    1.06
  ]
}