{
  "r3": 0.6392013118754437,
  "phi3_rad": -2.6404925613784025,
  "phi3_deg": -151.28907960267094,
  "chi2": 152.8357947010462,
  "dof": 32,
  "chi2_dof": 4.776118584407694
}