{
  "r3": 0.6331340873292702,
  "phi3_rad": -0.9736135564699934,
  "phi3_deg": -55.78394766245267,
  "chi2": 24.390869406623786,
  "dof": 24,
  "chi2_dof": 1.016286225275991
}