{
  "r": 0.15140999268562733,
  "phi_rad": -2.5996559998682884,
  "phi_deg": -148.949316978315,
  "r_err": 0.045134517235144965,
  "phi_err_rad": 1.3742935161536376,
  "phi_err_deg": 78.74121828779747,
  "chi2": 389.9576958966341,
  "dof": 16,
  "chi2_per_dof": 24.37235599353963,
  "A": 350.40176392025387,
  "bg": 79.00911086337001,
  "n_data": 20,
  "n_bootstrap": 400
}