{
  "r": 1.132671011729506,
  "phi_rad": 3.1415913171722814,
  "phi_deg": 179.9999234289169,
  "r_err": 0.603690808079588,
  "phi_err_rad": 2.8101195080298758,
  "phi_err_deg": 161.00798773749113,
  "chi2": 69.46019303095659,
  "dof": 5,
  "chi2_per_dof": 13.892038606191317,
  "A": 26.39433945810613,
  "bg": 2.713793983482509,
  "n_data": 9,
  "n_bootstrap": 400
}