{
  "channel_A": {
    "r": 0.7005565336986432,
    "r_err": 53.9288348948458,
    "phi_rad": -2.932038820239004,
    "phi_deg": -167.993449768212,
    "phi_err_rad": 72.40955467440487,
    "phi_err_deg": 4148.761879265181
  },
  "channel_B": {
    "r": 0.8708863339237648,
    "r_err": 0.41212985055131307,
    "phi_rad": -0.9341086595864201,
    "phi_deg": -53.520483800924396,
    "phi_err_rad": 0.9903089932112935,
    "phi_err_deg": 56.74052572485681
  },
  "comparison": {
    "delta_r": -0.17032980022512156,
    "delta_r_err": 53.93040964177125,
    "delta_phi_rad": -1.997930160652584,
    "delta_phi_deg": -114.4729659672876,
    "delta_phi_err_rad": 72.41632633631497,
    "delta_phi_err_deg": 4149.149866912919,
    "r_significance_sigma": 0.003158325726737932,
    "phi_significance_sigma": 0.027589498967039872,
    "max_significance_sigma": 0.027589498967039872,
    "verdict": "COMPATIBLE within 1\u03c3"
  }
}