channel,r,phi,r_err_cov,phi_err_cov,r_err_boot,phi_err_boot,chi2_dof,notes
A,0.15140999268562733,-148.949316978315,0.045134517235144965,78.74121828779747,0.045134517235144965,78.74121828779747,24.37235599353963,J/ψJ/ψ
B,1.132671011729506,179.9999234289169,0.603690808079588,161.00798773749113,0.603690808079588,161.00798773749113,13.892038606191317,J/ψψ(2S)
