{
  "4mu": {
    "n_successful_starts": 61,
    "best_nll": -1484.7460614923689,
    "worst_nll": 1704.3879727989731,
    "nll_std": 404.5328094381941,
    "all_nlls": [
      -1481.428471426185,
      -1394.505904430108,
      -1418.6632418056881,
      -1377.4729068279573,
      -1384.8509142918372,
      -1328.495110502611,
      -1484.7417062596946,
      -1102.8557926651354,
      -1469.287160875239,
      -1336.7023474431553,
      -1484.7458993429527,
      -1367.8716549693377,
      -1479.7358643739778,
      -1330.5785898351546,
      -1415.1712369793022,
      -1328.096508079412,
      -1483.1001377513887,
      -1371.450886621878,
      -1429.0790770918204,
      -1283.6756128615662,
      -1480.0866299167014,
      -1328.3546598581415,
      -1448.4553036044863,
      -1375.9025912096645,
      -1481.42847346514,
      -982.0721548514667,
      -1484.7456482002028,
      -1340.2989542241085,
      -1454.1326215030422,
      -1336.2797280028365,
      -1480.9586517292212,
      -1293.3315881146118,
      -1481.4283295156674,
      -1293.337294195119,
      -1480.0866285584207,
      -1333.5904531384379,
      -1406.4391003913488,
      -1320.6351560154733,
      -1469.2882785398895,
      -1361.887905204472,
      -1480.0866277418581,
      -1371.5660557844199,
      -1471.5040120076478,
      -1408.847675237996,
      -1484.0282078145758,
      -1393.669416814293,
      -1469.2882786422083,
      -1367.8856963269272,
      1704.3879727989731,
      -1254.7473536880318,
      -1484.7456480593603,
      -1329.406907209615,
      -1384.8509165513192,
      -1195.931641721508,
      -1480.9586517348364,
      -1385.174755616877,
      -1469.2882786724952,
      -1333.5482858893047,
      -1437.4046384564322,
      -1395.3498886608832,
      -1484.7460614923689
    ]
  },
  "4mu2pi": {
    "n_successful_starts": 61,
    "best_nll": -2501.5562194959116,
    "worst_nll": -1475.9958419773557,
    "nll_std": 239.49104749176158,
    "all_nlls": [
      -2470.329757552595,
      -2188.1612745758416,
      -2421.418940974402,
      -1962.9639449428373,
      -2501.5562035271882,
      -1672.9959087706413,
      -2501.5562194959116,
      -2095.225546889941,
      -2470.3297575362594,
      -2131.4795138813724,
      -2501.552751292428,
      -2072.508110387844,
      -2374.9822287694433,
      -2132.8269153762385,
      -2210.0039790861156,
      -2115.6505325473977,
      -2465.673478796993,
      -2158.1266921690412,
      -2464.827948654957,
      -2132.8461680541245,
      -2473.957089685959,
      -1478.3071080928023,
      -2439.398719696085,
      -1805.4560536923066,
      -2470.3297554887154,
      -1475.9958419773557,
      -2472.0969840455714,
      -2133.0613929746346,
      -2353.8861847338044,
      -2173.613230520915,
      -2422.816727111345,
      -2131.799765510603,
      -2501.5555709222017,
      -2091.5380329050345,
      -2473.9570896071377,
      -2066.7223066486285,
      -2374.9822287680245,
      -2076.369587494799,
      -2324.2231763513614,
      -2098.4314055867185,
      -2336.0077901969607,
      -2087.661617004128,
      -2422.8167261928375,
      -2088.450620941108,
      -2353.8861847594367,
      -2131.6519494144077,
      -2501.2189151348944,
      -2107.3911561056057,
      -2278.024121940729,
      -2095.248109084834,
      -2501.556208843974,
      -2095.050827957585,
      -2473.9570896629634,
      -2132.826231784738,
      -2420.9213355390057,
      -2136.477065431835,
      -2501.556181526304,
      -2002.4133625607728,
      -2369.621470905662,
      -2095.279442489941,
      -2501.556186012971
    ]
  },
  "joint": {
    "n_successful_starts": 31,
    "best_nll": -3985.5337810280744,
    "worst_nll": -2112.0929238970552,
    "nll_std": 324.51629425437284,
    "all_nlls": [
      -3960.806678010483,
      -3933.6242407233476,
      -3654.1484044911967,
      -3898.415870075529,
      -3868.4532911037995,
      -3881.629022629173,
      -3960.1327800824674,
      -3730.4959153391396,
      -3907.7633417561897,
      -3911.189569508886,
      -3906.6400963861524,
      -3907.21820968631,
      -3792.477969762079,
      -3867.1585630657196,
      -3603.9420893613433,
      -3823.14707327646,
      -3563.512842531977,
      -3864.8381594602693,
      -2112.0929238970552,
      -3856.605488318848,
      -3755.5351734830256,
      -3812.142373864195,
      -3928.2970862263564,
      -3943.3513973374143,
      -3759.540638632776,
      -3684.7152415904793,
      -3954.312817040998,
      -3951.396663635589,
      -3894.442178829839,
      -3718.6521374176514,
      -3985.5337810280744
    ]
  }
}