{
  "channel_4mu": {
    "r": 0.7492313039729029,
    "phi_deg": -101.15682949872662,
    "chi2_dof": 0.02945538145132297,
    "nll": -1511.8261228702358
  },
  "channel_4mu2pi": {
    "r": 0.06428133446820036,
    "phi_deg": 75.86581133457527,
    "chi2_dof": 0.010270910920211358,
    "nll": -2595.234478621711
  },
  "shared": {
    "r": 0.6740549484670446,
    "phi_deg": -106.95410352540493
  },
  "likelihood_ratio": {
    "Lambda": 0.11992559692498617,
    "bootstrap_p_value": 0.9133333333333333,
    "n_bootstrap": 300
  },
  "verdict": "RANK-1 CONSTRAINT SUPPORTED"
}