{
  "channel_A": {
    "n_near_optimal": 116,
    "r_range": [
      0.009844268380104328,
      21.51645406045338
    ],
    "phi_std_deg": 96.9077827420852,
    "nll_range": [
      0.11734252888798535,
      2514088.0095717995
    ],
    "nll_std": 273364.58329097787
  },
  "channel_B": {
    "n_near_optimal": 120,
    "r_range": [
      0.006080554306655681,
      150.2818116444511
    ],
    "phi_std_deg": 136.49920719326047,
    "nll_range": [
      2.9619544064936534e-05,
      2339.8213093506465
    ],
    "nll_std": 192.5016401669251
  }
}