{
  "channel_A": {
    "n_near_optimal": 122,
    "r_range": [
      0.016434430891763906,
      63.019807686220815
    ],
    "phi_std_deg": 135.35636338076625,
    "nll_range": [
      0.16573566471835097,
      2236963.4229663694
    ],
    "nll_std": 438823.7132874989
  },
  "channel_B": {
    "n_near_optimal": 127,
    "r_range": [
      0.015404503615306318,
      62.675705541411695
    ],
    "phi_std_deg": 127.39477036420244,
    "nll_range": [
      0.24108542233897426,
      8601234.40053257
    ],
    "nll_std": 1265502.6311936073
  }
}