{
  "mode": "correct",
  "use_quadrature": true,
  "channel_A": {
    "r": 0.38857415715632876,
    "phi_deg": -82.18006077462908,
    "nll": -1484.7734863664857,
    "chi2_dof": 1.3825630725685147,
    "deviance_dof": 1.3363125246295504,
    "gate_pass": 1
  },
  "channel_B": {
    "r": 0.295551174152555,
    "phi_deg": -97.59792295489177,
    "nll": -2502.5423745731227,
    "chi2_dof": 9.559070830427364,
    "deviance_dof": 8.827643668622793,
    "gate_pass": 0
  },
  "shared": {
    "r": 0.32210092044237365,
    "phi_deg": -95.40424829589323
  },
  "Lambda": 1.566086973111851,
  "nll_unconstrained": -3987.3158609396087,
  "nll_constrained": -3986.5328174530528,
  "gates_pass": 0,
  "optimizer_stable": 1,
  "bootstrap": null,
  "joint_params": [
    0.32210092044237365,
    -1.665118253153526,
    57.91759647066935,
    99.99860425655409,
    -0.2512088148865137,
    99.99979209447586,
    49.999050061384104,
    -29.33521047168543,
    1.03,
    0.025335767857685175,
    1.022225160953979,
    98.32788486238074,
    100.0,
    0.09339947681981804,
    99.99998687565795,
    49.99992614318644,
    13.594932380533914,
    1.03,
    0.049715022774499,
    1.06
  ]
}