{
  "verdict_upsilon": "NOT_REJECTED",
  "chi2_upsilon": 3.9764198080511632,
  "p_upsilon": 0.4092064877892919,
  "dof_upsilon": 4,
  "chi2_hb": 0.07009307790401874,
  "p_hb": 0.9655604790391129,
  "chi2_all": 6.8758427066131045,
  "p_all": 0.5500857728390648,
  "table_params": {
    "upsilon1s": {
      "r": 0.57,
      "r_err": 0.2831960451701259,
      "phi": 58,
      "phi_err": 43.18564576337837,
      "spin_flip": false
    },
    "upsilon2s": {
      "r": 0.86,
      "r_err": 0.11704699910719625,
      "phi": -13,
      "phi_err": 21.400934559032695,
      "spin_flip": false
    },
    "upsilon3s": {
      "r": 0.96,
      "r_err": 0.161245154965971,
      "phi": -9,
      "phi_err": 21.95449840010015,
      "spin_flip": false
    },
    "hb1p": {
      "r": 1.39,
      "r_err": 0.3733630940518894,
      "phi": 187,
      "phi_err": 44.10215414239989,
      "spin_flip": true
    },
    "hb2p": {
      "r": 1.6,
      "r_err": 0.7211102550927979,
      "phi": 181,
      "phi_err": 98.49365461794989,
      "spin_flip": true
    }
  }
}