{
  "status": "INCONCLUSIVE",
  "reason": "hidden chi2/dof below 0.5",
  "mode": "spectrum",
  "lambda": 20.60729626961816,
  "p_boot": null,
  "p_wilks": 3.3510620658039336e-05,
  "r_core": 0.8211419190448221,
  "phi_core": -0.3050924657591813,
  "r_hid": 0.9352484190327046,
  "phi_hid": -0.1552043628756376,
  "r_open": 0.5170851561565412,
  "phi_open": -3.141592653589793,
  "kappa1": 0.0,
  "kappa2": 5.0,
  "hidden_health": {
    "chi2": 2.946968502963926,
    "dof": 6,
    "chi2_dof": 0.49116141716065437
  },
  "open_health": {
    "chi2": 35.35510959526704,
    "dof": 18,
    "chi2_dof": 1.9641727552926131
  }
}