{
  "channel_A": {
    "n_near_optimal": 116,
    "r_range": [
      0.01487722509317232,
      63.77051379686382
    ],
    "phi_std_deg": 120.01810420808394,
    "nll_range": [
      0.3854391992810765,
      7062674.237972807
    ],
    "nll_std": 583041.4460039674
  },
  "channel_B": {
    "n_near_optimal": 123,
    "r_range": [
      0.013246675493364201,
      64.29760280522753
    ],
    "phi_std_deg": 115.14943734659734,
    "nll_range": [
      0.09179215221413733,
      109884.63659453455
    ],
    "nll_std": 12508.543856347387
  }
}