channel,r,phi_deg,chi2_dof
4mu,0.7492313039729029,-101.15682949872662,0.02945538145132297
4mu+2pi,0.06428133446820036,75.86581133457527,0.010270910920211358
shared,0.6740549484670446,-106.95410352540493,
