{
  "channel_A": {
    "r": 1.9100739322504088,
    "phi_deg": -163.11415163963804,
    "chi2_dof": 1.1880750221892287,
    "health": "PASS"
  },
  "channel_B": {
    "r": 0.432097378039815,
    "phi_deg": -112.94488645888495,
    "chi2_dof": 1.169367911389312,
    "health": "PASS"
  },
  "shared": {
    "r": 0.47268327306125163,
    "phi_deg": -115.12093919556112
  },
  "Lambda": 958.2697198046197,
  "p_bootstrap": 0.0,
  "verdict": "DISFAVORED"
}