{
  "pair1": {
    "pair": "Pair 1: Full vs mKp>1.9 cut",
    "chi2_A": 64.18139963650778,
    "dof_A": 44,
    "health_A": "HEALTHY",
    "chi2_B": 65.23684457840818,
    "dof_B": 44,
    "health_B": "HEALTHY",
    "R_A": {
      "r": 0.251740900218172,
      "phi_deg": -72.41866341257477
    },
    "R_B": {
      "r": 0.2808920957795651,
      "phi_deg": -42.92330465011074
    },
    "R_shared": {
      "r": 0.26310989413399055,
      "phi_deg": -58.326223408936215
    },
    "Lambda": 5.728015269969603,
    "nll_con": 67.57312976829908,
    "nll_unc": 64.70912213331428,
    "p_wilks": 0.057039707265270634,
    "p_boot": 0.05,
    "k": 10,
    "n_boot": 200,
    "lambda_boots": [
      1.87722492545754,
      1.9815815433847632,
      0.9501741091977749,
      1.6405645533528599,
      0.7357064909344331,
      1.2819349633501247,
      0.13821720018886197,
      2.967001617763813,
      0.8472801883573027,
      3.325107946620932,
      1.2751774759682348,
      0.922585836606217,
      7.894728877889278,
      0.4246194513947614,
      0.9404211334376242,
      0.2551623686412938,
      2.7878688451240947,
      1.3880306825259936,
      10.436305711470922,
      0.015128056576031668,
      7.764230504315961,
      6.134146112749093,
      0.0010326809432541495,
      2.7846327562672286,
      1.9530732077342918,
      0.6447883565001291,
      0.026078530124834742,
      4.096544111392291,
      0.6494934264443941,
      1.3639180966323607,
      0.2498978204890676,
      0.701847847544002,
      3.043045867677506,
      0.3010243939964994,
      0.28094288759011476,
      3.8711836538968356,
      2.515006522506198,
      0.7501365641585664,
      1.475004850966215,
      5.17815761931675,
      2.8744227424475923,
      2.8989583321827297,
      2.962494461043576,
      1.484965218729883,
      2.159484985300608,
      2.037906329581361,
      2.4508405768396813,
      0.10395198360616575,
      0.9630735333173561,
      2.4683103990092548,
      10.683063484427308,
      3.716489439983633,
      0.030043528433282063,
      3.1493911714925673,
      2.5315803058237236,
      0.964255953176334,
      0.22463399049314603,
      3.5684299696032156,
      2.3513253208751337,
      0.5311548847770382,
      1.2482226082286445,
      0.5099175349672578,
      0.3504079129405824,
      3.439166615459854,
      0.02512992559383065,
      4.946213294520646,
      1.0375732504396922,
      0.17081941194555839,
      4.882529614417209,
      0.5368254112594997,
      1.3589984909699524,
      2.0749306118158017,
      3.691437693942717,
      2.5748972784016075,
      1.5881211048082093,
      2.997177467125667,
      1.0030846026677693,
      0.8180723686322295,
      8.441311785776051,
      1.6790450238159877,
      5.417277054707114,
      4.157640076547608,
      2.8941913803021038,
      2.1019120551978574,
      0.5945768201636525,
      3.1938659425382525,
      4.92480615553535,
      2.16941352318392,
      0.3020319351273315,
      1.9489636322167314,
      2.8311232569216145,
      0.5728179051988747,
      4.587377005567873,
      2.961032653433648,
      0.3580233600043954,
      2.2002232407406552,
      3.0776303237884974,
      0.7434470381081297,
      0.8631670706715937,
      4.657082675885576,
      0.4128678653609228,
      0.14864104591811156,
      0.1333714781873141,
      0.49818289860759535,
      2.5781582326690256,
      0.35668373175475665,
      1.8359086772079536,
      3.965011927288799,
      0.7133253659036427,
      1.1980407383304055,
      2.411902784162905,
      0.848140667006632,
      3.2665349790232696,
      1.3549852036310455,
      1.6270129236517334,
      1.6231342280033516,
      0.1318058027170821,
      5.657464295321233,
      0.5682339705610389,
      2.8896330955574854,
      0.24050856046156355,
      4.135293659472907,
      6.225977438302408,
      2.223062353367112,
      0.07398175717470679,
      2.752371073191867,
      0.37902485821989274,
      1.773036639475336,
      0.9484294555115866,
      2.890301031144574,
      8.168263465693599,
      0.16616718834920619,
      0.7859417614764652,
      3.687160808046343,
      2.097959659909378,
      0.6067760206444177,
      0.45431781922656,
      0.2452338935076881,
      1.2584943715177275,
      3.7123630214771595,
      1.888608270285829,
      0.4286070791438874,
      3.6756725803911223,
      0.230242787057918,
      0.9791149105880521,
      3.8243954660060524,
      0.17166006328947958,
      0.5726028582455172,
      1.4266769150326013,
      1.2991917576210312,
      3.1199017609283715,
      2.013650497962715,
      0.8104156131966249,
      5.062344885044951,
      1.0398833911318377,
      0.7176382551130303,
      4.445457167262106,
      2.2673808424920736,
      7.139873869268968,
      0.12946076510732496,
      2.370016607875172,
      2.6335882460908238,
      2.763460382818124,
      3.3627906153359675,
      2.019276439293492,
      2.3648355956491116,
      7.230057984551266,
      0.7719283234939098,
      0.15077605791231008,
      0.9061988138137878,
      0.1292155748358823,
      5.207705261213832,
      0.03653847984787717,
      0.5401114696578162,
      0.13057684752220666,
      0.31634465193887706,
      2.6209574058807448,
      1.063917623535616,
      0.5653273262168312,
      2.234656260725572,
      1.297834693415652,
      2.989818663806062,
      2.5046783582883307,
      2.815755408588643,
      4.280922504492608,
      1.2934518124671683,
      0.49011474227914675,
      0.517329566638125,
      0.19161723691122745,
      2.8896231805150023,
      0.45971103998400054,
      2.3481092247070166,
      3.4265777014347094,
      1.4891547674218941,
      0.49079473389630834,
      5.106400005914367,
      2.144919489626133,
      0.07338766921806439,
      3.0055582767506337,
      1.6591554876269896
    ],
    "verdict": "NOT_REJECTED",
    "reason": "p_boot = 0.050 >= 0.05"
  },
  "pair2": {
    "pair": "Pair 2: Full vs cos\u03b8-weighted",
    "chi2_A": 64.18139963791589,
    "dof_A": 44,
    "health_A": "HEALTHY",
    "chi2_B": 83.84551006748218,
    "dof_B": 44,
    "health_B": "HEALTHY",
    "R_A": {
      "r": 0.2517402231676273,
      "phi_deg": -72.41873479835873
    },
    "R_B": {
      "r": 0.24786853886101604,
      "phi_deg": -53.12986804570137
    },
    "R_shared": {
      "r": 0.43907053207424585,
      "phi_deg": 131.12280076460968
    },
    "Lambda": 1.9570628044510272,
    "nll_con": 74.99198626786907,
    "nll_unc": 74.01345486564355,
    "p_wilks": 0.3758626848257426,
    "p_boot": 0.44,
    "k": 88,
    "n_boot": 200,