{
  "nll": -1251890.1068300046,
  "chi2_dof": 3.6474206406268204,
  "deviance_dof": 3.6503206169325635,
  "n_dof": 140,
  "couplings": {
    "Pc4312": {
      "re": -295958.4947347278,
      "im": -319345.0282981766,
      "mag": 435399.4461461901,
      "phase": -2.3182046511831333
    },
    "Pc4440": {
      "re": -331292.05286550324,
      "im": -1711042.1589541277,
      "mag": 1742819.4668439534,
      "phase": -1.76204985201081
    },
    "Pc4457": {
      "re": 407934.40924715414,
      "im": -42257.31324626511,
      "mag": 410117.2549047621,
      "phase": -0.1032203452001278
    }
  },
  "ratio_4457_4440": {
    "mag": 0.23531826600917974,
    "phase": 1.6588295068106822,
    "re": -0.020689068260602326,
    "im": 0.2344070151938188
  },
  "bg_params": [
    2107.219440760069,
    0.033638360041285544,
    -0.26021672590826217,
    0.12671260966882464
  ]
}