{
  "nll": -1302326.2689735112,
  "chi2_dof": 6.0420177524150205,
  "deviance_dof": 6.071939015582908,
  "n_dof": 140,
  "couplings": {
    "Pc4312": {
      "re": -374587.01237830264,
      "im": -563666.296705639,
      "mag": 676782.9222759333,
      "phase": -2.157335282539395
    },
    "Pc4440": {
      "re": 1206213.6552657979,
      "im": -1997157.1270566585,
      "mag": 2333149.7963703237,
      "phase": -1.0274662456887316
    },
    "Pc4457": {
      "re": 554982.1565312177,
      "im": -206752.53656070435,
      "mag": 592243.0290364983,
      "phase": -0.3566113991027797
    }
  },
  "ratio_4457_4440": {
    "mag": 0.25383840761439724,
    "phase": 0.670854846585952,
    "re": 0.19882922129174077,
    "im": 0.15780012021773898
  },
  "bg_params": [
    900.6271044690927,
    -0.9141629231227055,
    -0.2245376840223181,
    0.17018212860913423
  ]
}