{
  "status": "COMPLETED",
  "slug": "lhcb_pc_4312_extensions",
  "states": [
    "Pc(4440)",
    "Pc(4457)"
  ],
  "fit_window": [
    4400,
    4500
  ],
  "n_boot": 20,
  "pairs": [
    {
      "pair": "Pair 1: Table 1 vs Table 2",
      "chi2_A": 64.18139963686565,
      "dof_A": 44,
      "health_A": "HEALTHY",
      "chi2_B": 65.23684457838698,
      "dof_B": 44,
      "health_B": "HEALTHY",
      "R_A_ind": {
        "r": 0.25174065245837696,
        "phi_deg": -72.41868115910437
      },
      "R_B_ind": {
        "r": 0.4541176227136712,
        "phi_deg": 126.05831428405854
      },
      "R_shared": {
        "r": 0.2631087522066511,
        "phi_deg": -58.32628091489963
      },
      "R_A_unc": {
        "r": 0.25101007149571225,
        "phi_deg": -71.02087323223788
      },
      "R_B_unc": {
        "r": 0.28053667701926494,
        "phi_deg": -42.71417878732756
      },
      "nll_con": 67.5731297672487,
      "nll_unc": 64.77966948200282,
      "Lambda_raw": 5.58692057049177,
      "Lambda": 5.58692057049177,
      "invariant_holds": true,
      "invariant_violation": -2.793460285245885,
      "p_wilks": 0.061209046286663016,
      "p_boot": 0.047619047619047616,
      "k": 0,
      "n_boot_valid": 20,
      "n_boot_failed": 0,
      "lambda_boot_mean": 1.6365422054964096,
      "lambda_boot_std": 1.156770599156033,
      "lambda_boot_median": 1.510932742101211,
      "verdict": "DISFAVORED",
      "reason": "p_boot = 0.048 < 0.05",
      "table_A": "hepdata_ins1728691_Table 1.csv",
      "table_B": "hepdata_ins1728691_Table 2.csv"
    },
    {
      "pair": "Pair 2: Table 1 vs Table 3",
      "chi2_A": 64.18139963686565,
      "dof_A": 44,
      "health_A": "HEALTHY",
      "chi2_B": 83.84551006747296,
      "dof_B": 44,
      "health_B": "HEALTHY",
      "R_A_ind": {
        "r": 0.25174065245837696,
        "phi_deg": -72.41868115910437
      },
      "R_B_ind": {
        "r": 0.24786852213184746,
        "phi_deg": -53.12986228334539
      },
      "R_shared": {
        "r": 0.2486211169238643,
        "phi_deg": -61.54401668762636
      },
      "R_A_unc": {
        "r": 0.24915048578229493,
        "phi_deg": -70.53397147928906
      },
      "R_B_unc": {
        "r": 0.24958431824211902,
        "phi_deg": -54.50691703897447
      },
      "nll_con": 74.9919862528708,
      "nll_unc": 74.16273746281442,
      "Lambda_raw": 1.6584975801127655,
      "Lambda": 1.6584975801127655,
      "invariant_holds": true,
      "invariant_violation": -0.8292487900563827,
      "p_wilks": 0.4363769739470189,
      "p_boot": 0.7619047619047619,
      "k": 15,
      "n_boot_valid": 20,
      "n_boot_failed": 0,
      "lambda_boot_mean": 5.028487403827738,
      "lambda_boot_std": 5.539306397006643,
      "lambda_boot_median": 2.7597187288641294,
      "verdict": "NOT_REJECTED",
      "reason": "p_boot = 0.762 >= 0.05",
      "table_A": "hepdata_ins1728691_Table 1.csv",
      "table_B": "hepdata_ins1728691_Table 3.csv"
    },
    {
      "pair": "Pair 3: Table 2 vs Table 3",
      "chi2_A": 65.23684457838698,
      "dof_A": 44,
      "health_A": "HEALTHY",
      "chi2_B": 83.84551006747296,
      "dof_B": 44,
      "health_B": "HEALTHY",
      "R_A_ind": {
        "r": 0.4541176227136712,
        "phi_deg": 126.05831428405854
      },
      "R_B_ind": {
        "r": 0.24786852213184746,
        "phi_deg": -53.12986228334539
      },
      "R_shared": {
        "r": 0.2607649148019821,
        "phi_deg": -48.91121815150065
      },
      "R_A_unc": {
        "r": 0.2809042487712834,
        "phi_deg": -42.919409273234486
      },
      "R_B_unc": {
        "r": 0.43932852155640306,
        "phi_deg": 128.87572365505952
      },
      "nll_con": 75.50709021347554,
      "nll_unc": 74.54117760157,
      "Lambda_raw": 1.9318252238110745,
      "Lambda": 1.9318252238110745,
      "invariant_holds": true,
      "invariant_violation": -0.9659126119055372,
      "p_wilks": 0.3806356685401209,
      "p_boot": 0.5714285714285714,
      "k": 11,
      "n_boot_valid": 20,
      "n_boot_failed": 0,
      "lambda_boot_mean": 3.952335636843734,
      "lambda_boot_std": 7.922310213178202,
      "lambda_boot_median": 2.1177170495544004,
      "verdict": "NOT_REJECTED",
      "reason": "p_boot = 0.571 >= 0.05",
      "table_A": "hepdata_ins1728691_Table 2.csv",
      "table_B": "hepdata_ins1728691_Table 3.csv"
    }
  ],
  "overall_verdict": "DISFAVORED"
}